name,postdoc,website
Dr. Adrienne Greene,,
Dr. Nicole Fay,,
Dr. Wan-Chen Lin,1,
Dr. Geoff O'Donoghue,,
Dr. Heather Jensen,,
Dr. Michael Coyle,,
Dr. Hsiung-Lin Tu,,
Dr. Sune Christensen,1,
Dr. Rafal Pielak,1,
Dr. Sam Lord,1,
Dr. Hector Huang,,
Dr. Kevin Hartman,,
Dr. Il-hyung Lee,,
Dr. Aiwei Tian,1,
Dr. Alexander Smoligovets,,
Dr. Christopher Rhodes,,
Dr. Rebecca Petit,,
Dr. Adam Smith,1,
Dr. Yan Yu,1,http://www.indiana.edu/~yulab/
Dr. Lars Iversen,1,
Dr. Niña Hartman,,
Dr. Hung-Jen Wu,1,
Dr. Qian (Elizabeth) Xu,,
Dr. Sara Triffo,,
Dr. Theo Lohmüller,,
Dr. Pradeep Nair,,
Dr. BoryanaManz,,
Dr. Cheng-Han Yu,,http://www.anatomy.hku.hk/staff/CHYu.html
Dr. Joe Hickey,,
Dr. Khalid Salaita,1,http://chemistry.emory.edu/faculty/salaita/
Dr. William Galush,,
Dr. Jeffrey Nye,,
Dr. Martin B. Forstner,1,
Dr. Nathan Clack,,
Dr. Bryan Jackson,,
Dr. Esther Gomez,,
Dr. Steve Andrews,,
Neil Switz (Saykally Group),,
Dr. Sharon Rozovsky,1,
Dr. Michael Baksh,,
Dr. Raghu Parthasarathy,1,http://physics.uoregon.edu/~raghu/index.html
Dr. Kaspar Mossman,,
Dr. Jwa-Min Nam,1,http://chem3.snu.ac.kr/~namgroup/
Dr. Yoshi Kaizuka,,
Dr. Sophie Pautot,1,
Dr. Annapoorna Sapuri,1,
Laura Norin (Masters),,
Dr. Amber Wise,,
Dr. Andrew DeMond,,